9780857660541,zoocity,384,Zoo City,2013-06-17 02:37:06.08965+00,http://ecx.images-amazon.com/images/I/515GWI5LS6L.jpg,70
9781782391197,"",304,Mr Penumbra's 24-Hour Bookstore,2013-08-09 03:28:40.89457+00,http://ecx.images-amazon.com/images/I/61Uj2QTLNeL.jpg,93
9780553815535,"",429,The Water Room,2012-11-26 01:00:01.124004+00,http://ecx.images-amazon.com/images/I/51K7946BCZL.jpg,212
9780586044568,"",173,High-rise,2016-03-25 19:31:29.498303+00,http://ecx.images-amazon.com/images/I/51ZI1zVWvwL.jpg,153
9780330533072,"",404,Embassytown,2014-12-13 23:49:33.196636+00,http://ecx.images-amazon.com/images/I/51Ot-mBVeXL.jpg,83
9780143127154,ThirdP,496,The Third Plate,2015-10-04 20:01:15.099551+00,http://ecx.images-amazon.com/images/I/51UsqSSdVIL.jpg,102
9780141041940,"",194,I'm the King of the Castle,2014-09-08 13:30:13.599006+00,http://ecx.images-amazon.com/images/I/61gne9lKmmL.jpg,81
9781843545040,SelfMadeMan,290,Self-made Man,2015-04-02 21:11:25.622106+00,http://ecx.images-amazon.com/images/I/21ddWy5W9SL.jpg,190
9780571238903,Courtiers,432,Courtiers,2013-12-16 22:47:45.63376+00,http://ecx.images-amazon.com/images/I/518gzXeNdwL.jpg,187
9780099539551,HareAmber,354,The Hare With Amber Eyes,2016-07-18 22:01:44.751194+00,http://ecx.images-amazon.com/images/I/51RcPDVssfL.jpg,272
9781937557409,"",132,Design for Real Life,2016-10-13 22:25:00+00,https://s3-eu-west-1.amazonaws.com/shelvdpics/design+for+real+list.png,"279,278"
9780393062496,Vivaldi,242,Whistling Vivaldi,2014-12-23 11:39:29.774073+00,http://ecx.images-amazon.com/images/I/41qYlJYTF5L.jpg,4
9781472106537,AOthers,408,Among Others,2014-06-13 21:30:35.492082+00,http://ecx.images-amazon.com/images/I/51iIhyBISHL.jpg,57
9781476730950,"",190,A Short Guide to a Long Life,2015-09-14 11:47:33.516425+00,http://ecx.images-amazon.com/images/I/41a1-3L2kPL.jpg,220
9780297866121,"",304,The Coincidence Authority,2014-07-02 21:55:17.732509+00,http://ecx.images-amazon.com/images/I/41Vy2OXHu5L.jpg,253
9780349120515,"",400,A Snowball in Hell,2018-06-16 21:48:09.756951+00,http://ecx.images-amazon.com/images/I/41JsChrBofL.jpg,250
9780091956523,"",306,The Devil's Detective,2018-07-16 14:38:19.203381+00,https://images-eu.ssl-images-amazon.com/images/I/510pI2-NsGL.jpg,380
9781849412704,"",400,The Dark Is Rising,2013-08-04 04:25:06.24562+00,http://ecx.images-amazon.com/images/I/51iCRxFfpJL.jpg,143
9780857664754,Destruct,416,The Destructives,2016-05-01 21:06:57.997494+00,http://ecx.images-amazon.com/images/I/51fWEYx11aL.jpg,159
9780356502403,"",432,Ancillary Justice,2016-02-27 01:44:16.771102+00,http://ecx.images-amazon.com/images/I/51To8c7qMdL.jpg,74
9780857662385,SONails,464,Sixty-One Nails,2013-03-13 14:36:10.37616+00,http://ecx.images-amazon.com/images/I/51HPnI7AABL.jpg,84
9780553817195,"",480,Seventy-Seven Clocks,2012-12-05 04:33:11.12432+00,http://ecx.images-amazon.com/images/I/51rkJh%2BGHrL.jpg,212
9780575132467,BHomes,320,Broken Homes,2016-01-26 22:37:15.130517+00,http://ecx.images-amazon.com/images/I/61FNo8VuejL.jpg,134
9781846683572,"",256,An Optimist's Tour of the Future,2015-07-15 08:15:49.85947+00,http://ecx.images-amazon.com/images/I/512YpIiKhiL.jpg,145
9780356508788,"",640,New York 2140,2017-12-08 11:51:33.602427+00,https://images-eu.ssl-images-amazon.com/images/I/51UNce8wlZL.jpg,341
9780099516422,Seance,304,The Seance,2011-08-17 18:19:52.395668+00,http://ecx.images-amazon.com/images/I/51hzA4LTbcL.jpg,14
9780857665010,"",336,The Custodian of Marvels,2017-12-26 23:09:19.743735+00,https://images-eu.ssl-images-amazon.com/images/I/51tnFCvJleL.jpg,343
9781449388393,"",520,Hackers: heroes of the computer revolution,2016-08-02 07:49:27.583045+00,http://ecx.images-amazon.com/images/I/51Pbo5LEbFL.jpg,283
9780007464272,"",233,The Evolution of Inanimate Objects,2012-10-18 02:47:15.632495+00,http://ecx.images-amazon.com/images/I/51akrS5HqaL.jpg,162
9781408470787,"",220,The Sense of an Ending,2012-06-26 22:53:58.661148+00,http://ecx.images-amazon.com/images/I/51uHo4fCJ1L.jpg,224
9780340820674,"",384,A Presumption of Death,2016-12-17 14:19:55.816752+00,http://ecx.images-amazon.com/images/I/414wtmgpsUL.jpg,51
9780679740391,UsefulThings,288,The evolution of useful things,2015-05-20 07:38:34.86759+00,http://ecx.images-amazon.com/images/I/51QEZSBYN3L.jpg,200
9780743259729,AcreBG,352,Acre of Barren Ground,2012-07-20 13:40:01.869319+00,http://ecx.images-amazon.com/images/I/51j0KJw3EeL.jpg,9
9780007121014,"",260,Taken At The Flood,2015-02-10 20:14:00+00,https://images-eu.ssl-images-amazon.com/images/I/512cPj--BTL.jpg,5
9781846688157,BrokGlass,180,Broken Glass,2016-06-04 12:27:32.908191+00,http://ecx.images-amazon.com/images/I/51UO7sfQN4L.jpg,264
9781780229140,"",384,Rawblood,2018-06-16 21:47:00.406867+00,https://images-eu.ssl-images-amazon.com/images/I/513eiv%2BrXWL.jpg,370
9780007494439,Dataclysm,304,Dataclysm,2014-09-25 21:32:48.935988+00,http://ecx.images-amazon.com/images/I/411PKJbCzbL.jpg,146
9780230763210,LondonF,416,London Falling,2014-06-27 22:51:30.608983+00,http://ecx.images-amazon.com/images/I/51aPQMeTrKL.jpg,213
9781609451349,NewName,471,The Story of a New Name,2016-01-07 16:19:13.809863+00,http://ecx.images-amazon.com/images/I/51W00TGvxTL.jpg,235
9781556522413,"",278,The Mole People: Life in the Tunnels Beneath New York City,2018-06-16 21:49:15.408567+00,https://images-eu.ssl-images-amazon.com/images/I/51uX3UbHCdL.jpg,373
9780718179823,"",416,The Strings of Murder,2015-06-06 21:56:33.093029+00,http://ecx.images-amazon.com/images/I/61VP5ytIytL.jpg,254
9780349108858,"",287,Quite Ugly One Morning,2018-05-13 14:10:49.168821+00,https://images-eu.ssl-images-amazon.com/images/I/41WSjzbd6eL.jpg,250
9781594203220,GoingS,273,Going Solo,2012-07-18 16:40:03.681661+00,http://ecx.images-amazon.com/images/I/41XstU-MIxL.jpg,79
9781444760873,LScholar,356,The Late Scholar,2015-03-16 13:05:52.281716+00,http://ecx.images-amazon.com/images/I/51Qv5WNpjdL.jpg,51
9781857987676,"",272,Lud-in-the-Mist,2013-05-31 02:49:52.21392+00,http://ecx.images-amazon.com/images/I/51Sc6U1oINL.jpg,216
9781495607479,"",278,Making Wolf,2016-07-30 08:13:36.831214+00,http://ecx.images-amazon.com/images/I/51ttMpwRdyL.jpg,277
9780007460977,SandmanSlim,400,Sandman Slim,2013-07-08 03:00:57.34957+00,http://ecx.images-amazon.com/images/I/51pWnB3hrFL.jpg,205
9780753820254,ShadowWind,510,The Shadow of the Wind,2013-04-29 11:59:26.63294+00,http://ecx.images-amazon.com/images/I/515EbWu1IeL.jpg,139
9781609450786,BrilliantFriend,336,My Brilliant Friend,2015-11-09 09:57:53.99218+00,http://ecx.images-amazon.com/images/I/51PUTD03R7L.jpg,235
9781476782232,"",416,The Vor Game,2016-06-16 17:36:49.773779+00,http://ecx.images-amazon.com/images/I/51IfpBtspdL.jpg,266
9780679722632,ThinMan,201,The Thin Man,2015-12-29 21:32:14.333217+00,http://ecx.images-amazon.com/images/I/5101Yc%2BjRkL.jpg,64
9781847946249,"",400,The Power of Habit,2013-06-04 20:38:00.71467+00,http://ecx.images-amazon.com/images/I/41Jb0Jg99rL.jpg,198
9781784297619,"",480,Rotherweird,2017-09-18 14:06:58.314041+00,https://images-eu.ssl-images-amazon.com/images/I/61i2UAiwqPL.jpg,336
9780745335933,"",466,"Small Places, Large Issues",2017-08-05 20:28:30.680733+00,https://images-eu.ssl-images-amazon.com/images/I/519-KJVUnhL.jpg,326
9780575085428,"",416,Heart Shaped Box,2013-06-06 00:55:30.68517+00,http://ecx.images-amazon.com/images/I/519BH6NcG2L.jpg,121
9781563896453,"",128,"100 Bullets: First Shot, Last Call",2016-08-23 20:43:24.39229+00,http://ecx.images-amazon.com/images/I/51Rs9AhrMIL.jpg,"286,285"
9781784703455,"",240,Murder for Christmas,2017-12-27 23:37:50.620255+00,https://images-eu.ssl-images-amazon.com/images/I/51hkOIVokkL.jpg,344
9780571241026,BicycleD,320,Bicycle Diaries,2012-01-16 04:34:28.481531+00,http://ecx.images-amazon.com/images/I/41kFCCyJ0VL.jpg,124
9780099981107,"",234,Wise Children,2014-04-21 22:40:00.113349+00,http://ecx.images-amazon.com/images/I/411VILIYJyL.jpg,164
9780345543998,"",205,The Last Days of New Paris,2017-03-08 23:49:26.65834+00,https://images-eu.ssl-images-amazon.com/images/I/41DNVAsSOLL.jpg,261
9780140035100,We,222,We,2016-05-06 22:15:13.904028+00,https://s3-eu-west-1.amazonaws.com/shelvdpics/we.jpeg,240
9780140278828,GGtHaF,304,The Girls' Guide to Hunting and Fishing,2016-02-05 22:02:49.323566+00,http://ecx.images-amazon.com/images/I/51J6PcW%2B5OL.jpg,141
9781509857487,"",448,The Miniaturist,2018-02-14 17:45:13.774759+00,https://images-eu.ssl-images-amazon.com/images/I/51NXz2TNZFL.jpg,342
9780330294911,Manwmhwfah,233,The man who mistook his wife for a hat,2012-04-26 22:45:01.739463+00,http://ecx.images-amazon.com/images/I/41yxriOGvVL.jpg,163
9781476781303,"",400,The Warrior's Apprentice,2016-06-16 10:42:38.699909+00,http://ecx.images-amazon.com/images/I/51%2BJBf8qJ9L.jpg,266
9781447294146,"",449,Uprooted,2017-07-10 08:47:17.471557+00,https://images-eu.ssl-images-amazon.com/images/I/51qFQs1lfAL.jpg,309
9780373803132,"",336,Hard Magic,2016-03-03 00:16:48.167343+00,http://ecx.images-amazon.com/images/I/51vHoy6AClL.jpg,248
9780241002889,TOTypist,368,The Other Typist,2013-09-08 16:26:49.89703+00,http://ecx.images-amazon.com/images/I/51ZPIxLEF9L.jpg,30
9781846685743,"",192,Dolly,2012-12-05 04:32:52.30852+00,http://ecx.images-amazon.com/images/I/515fgldqzDL.jpg,81
9780374117269,BurGuide,304,A Burglar's Guide to the City,2016-05-24 17:47:29.63433+00,http://ecx.images-amazon.com/images/I/51zKqKwYDoL.jpg,218
9780241953501,VLight,295,Virtual Light,2014-10-08 21:26:53.164223+00,http://ecx.images-amazon.com/images/I/51ozN4krrvL.jpg,175
9780618001811,PBRewards,431,Punished by Rewards,2014-09-25 21:34:43.721653+00,http://ecx.images-amazon.com/images/I/51RtwMwCv9L.jpg,217
9780007248896,InventMurder,256,The Invention of Murder,2016-09-21 21:33:20.438611+00,http://ecx.images-amazon.com/images/I/51yhOPgIEkL.jpg,17
9780141042015,Hawksmoor,270,Hawksmoor,2014-08-31 18:56:33.431922+00,http://ecx.images-amazon.com/images/I/61qcV4b2JfL.jpg,53
9780802125767,"",368,The Angel of History,2016-12-14 22:24:51.096999+00,http://ecx.images-amazon.com/images/I/515Amq2oKpL.jpg,300
9781447289234,"",353,Stories of Your Life and Others,2017-08-17 21:42:26.110466+00,https://images-eu.ssl-images-amazon.com/images/I/61cJOU4YnIL.jpg,334
9781000000000,"",188,The King in Yellow and Other Tales of Carcosa,2014-03-28 22:27:28.362495+00,/static/images/unknown.png,185
9781439199039,SKwhisperer,338,The Serial Killer Whisperer,2016-12-19 23:10:35.291334+00,http://ecx.images-amazon.com/images/I/51PXsinUUzL.jpg,301
9781841496559,"",512,The Naming of the Beasts,2014-04-10 22:34:08.764842+00,http://ecx.images-amazon.com/images/I/51y5kuiZkYL.jpg,120
9781473619814,"",432,The Long Way to a Small Angry Planet,2017-03-26 21:03:36.658854+00,http://ecx.images-amazon.com/images/I/51W4n-1TENL.jpg,133
9780099547020,C,320,C. Tom McCarthy,2011-10-25 21:09:04.744649+00,http://ecx.images-amazon.com/images/I/61rzrubZHCL.jpg,107
9780552555708,NCrosses,410,Noughts & Crosses,2016-06-11 21:47:02.549928+00,http://ecx.images-amazon.com/images/I/416hY2BJtTL.jpg,269
9781563897115,"",224,100 Bullets: Split Second Chance,2016-08-23 20:41:53.763928+00,http://ecx.images-amazon.com/images/I/51T3qM1lKML.jpg,"286,285"
9781906021658,"",283,Keeper,2016-07-27 10:33:43.31472+00,http://ecx.images-amazon.com/images/I/41EN1Yrgh2L.jpg,275
9781409133827,HoSilk,320,The House of Silk,2011-12-11 17:06:40.27906+00,http://ecx.images-amazon.com/images/I/510nhXHVPWL.jpg,226
9780141043531,BShort,288,The Big Short,2013-10-16 20:52:17.874021+00,http://ecx.images-amazon.com/images/I/51ojfAkblEL.jpg,138
9781416914280,"",496,City of Bones,2012-12-26 22:50:01.320354+00,http://ecx.images-amazon.com/images/I/51zpZUymSNL.jpg,31
9780470674345,FiftyMyths,320,50 Great Myths of Human Sexuality,2015-08-06 13:45:26.995029+00,http://ecx.images-amazon.com/images/I/41vJy%2B9KqdL.jpg,131
9780141194530,"",240,The Spy Who Came in from the Cold,2016-10-02 17:37:00+00,http://ecx.images-amazon.com/images/I/51in3KFi6WL.jpg,289
9781400067886,"",624,Night Film,2015-06-06 21:55:46.234787+00,http://ecx.images-amazon.com/images/I/51LmyhghUwL.jpg,25
9781908276421,"",114,Signs Preceding the End of the World,2015-08-09 21:33:17.131046+00,http://ecx.images-amazon.com/images/I/51va80DUeoL.jpg,168
9781842778609,"",248,Sex at the Margins,2013-10-28 09:31:23.431687+00,http://ecx.images-amazon.com/images/I/51GCW-MGXfL.jpg,68
9780575096721,"",336,The White Cat,2017-03-13 23:33:05.158034+00,"https://images-na.ssl-images-amazon.com/images/I/51gU8KEuD1L._SX323_BO1,204,203,200_.jpg",319
9780857867971,TimeBeing,422,A Tale for the Time Being,2015-04-29 19:23:10.150068+00,http://ecx.images-amazon.com/images/I/513Vcm0rDbL.jpg,54
9781409128014,BellmanAB,320,Bellman and Black,2017-12-16 19:13:36.214047+00,http://ecx.images-amazon.com/images/I/51eq1jemquL.jpg,199
9781780226347,"",288,The Enchanted,2015-04-10 20:37:26.319105+00,http://ecx.images-amazon.com/images/I/51gl%2BC0fOpL.jpg,193
9780006480440,MonaLO,316,Mona Lisa Overdrive,2014-08-17 14:54:19.794352+00,http://ecx.images-amazon.com/images/I/31P7N1VJKDL.jpg,175
9780340933992,Nocturnes,488,Nocturnes,2011-08-01 10:55:51.531787+00,http://ecx.images-amazon.com/images/I/518NQNoVvUL.jpg,155
9780930330446,DeathTopHat,286,Death from a Top Hat,2013-03-20 02:12:12.26955+00,http://ecx.images-amazon.com/images/I/61NjeS50Z1L.jpg,80
9780674013827,"",273,Strangers to Ourselves,2016-10-10 08:05:00+00,http://ecx.images-amazon.com/images/I/41sXQxjx0yL.jpg,298
9781784870515,"",242,Rubyfruit Jungle,2018-05-13 21:22:12.18775+00,https://images-eu.ssl-images-amazon.com/images/I/41ukFVyhfcL.jpg,366
9781447262060,SeveredS,400,Severed Streets,2016-05-23 15:46:47.386519+00,http://ecx.images-amazon.com/images/I/51diHXo5ucL.jpg,213
9780141198286,"",160,Call for the Dead,2016-10-03 17:58:00+00,http://ecx.images-amazon.com/images/I/514%2B8jZWULL.jpg,289
9780804798549,"",248,Staged Seduction: Selling Dreams in a Tokyo Host Club,2017-08-05 20:24:56.838164+00,https://images-eu.ssl-images-amazon.com/images/I/510R%2BdSiwLL.jpg,328
9780099531685,"",383,Hungry City,2015-07-15 08:15:19.954171+00,http://ecx.images-amazon.com/images/I/518iu2EQ3VL.jpg,33
9781408888094,"",384,The Silent Companions,2017-10-22 22:20:22.249382+00,https://images-eu.ssl-images-amazon.com/images/I/51McNyDEJvL.jpg,338
9780747568766,JustKids,320,Just Kids,2013-01-11 05:21:23.049097+00,http://ecx.images-amazon.com/images/I/41hxFguDp0L.jpg,101
9781442427648,"",256,In the Hand of the Goddess,2013-12-06 08:31:18.879548+00,http://ecx.images-amazon.com/images/I/51Pfdi8MSkL.jpg,151
9781781689837,"",464,"Hacker, Hoaxer, Whistleblower, Spy",2016-07-31 17:00:40.483824+00,http://ecx.images-amazon.com/images/I/51VuT3219dL.jpg,280
9780091956943,"",320,Artemis,2017-11-23 07:48:23.557149+00,https://images-eu.ssl-images-amazon.com/images/I/51lhqgbB%2BwL.jpg,261
9780751566406,"",448,The Fourteenth Letter,2018-05-01 20:03:34.488415+00,https://images-eu.ssl-images-amazon.com/images/I/61EFrf5D4BL.jpg,358
9781602060784,"",104,The Right Way to Do Wrong,2013-12-31 00:10:25.123365+00,http://ecx.images-amazon.com/images/I/51vBsnRe1HL.jpg,203
9781841496566,ThickertW,504,Thicker Than Water,2016-07-15 22:26:34.905857+00,http://ecx.images-amazon.com/images/I/51HhtWZm5rL.jpg,120
9780007199471,EatingfE,280,Eating for England,2014-09-06 20:50:27.14086+00,http://ecx.images-amazon.com/images/I/51-gRESY1aL.jpg,113
9780285640818,Brilliant,360,Brilliant,2014-05-18 13:49:10.587984+00,http://ecx.images-amazon.com/images/I/41sebN%2B6cNL.jpg,149
9780099534440,TMags,496,The Magicians,2016-09-28 21:14:00+00,http://ecx.images-amazon.com/images/I/516F8ERf1UL.jpg,234
9781848876828,"",256,How to Life Safely in a Science Fictional Universe,2014-09-06 09:09:19.269709+00,http://ecx.images-amazon.com/images/I/51HPj%2BvFgaL.jpg,242
9780007527519,"",288,Five Little Pigs (Poirot),2018-07-07 20:21:06.694372+00,https://images-eu.ssl-images-amazon.com/images/I/51qk5RJRjSL.jpg,5
9780575132504,"",320,Foxglove Summer,2016-01-24 00:34:55.19139+00,http://ecx.images-amazon.com/images/I/51chG4SA4-L.jpg,134
9780007550715,Annihilation,208,Annihilation,2014-10-10 20:36:22.043044+00,http://ecx.images-amazon.com/images/I/61QbiCqeHGL.jpg,11
9780356502427,"",336,Ancillary Mercy,2016-03-01 03:26:57.583696+00,http://ecx.images-amazon.com/images/I/512iz-NF%2BrL.jpg,74
9780006550624,"",320,The Napoleon of Crime,2015-03-27 23:13:28.189038+00,http://ecx.images-amazon.com/images/I/51QJ0QcWHFL.jpg,116
9781447249764,"",256,Frog Music,2014-09-07 19:07:45.528587+00,http://ecx.images-amazon.com/images/I/51Hbv6vW9WL.jpg,206
9781781168660,"",347,Wolves of London,2014-12-26 23:03:06.79076+00,http://ecx.images-amazon.com/images/I/61jeyIi6u-L.jpg,82
9780142429068,"",496,Ghost Stories,2011-10-04 02:55:37.370972+00,http://ecx.images-amazon.com/images/I/51r4yZUvw5L.jpg,148
9780312968304,"",322,"Thrones, Dominations",2016-12-22 11:49:51.247083+00,http://ecx.images-amazon.com/images/I/5132Wz5BVCL.jpg,19
9780374227760,"",272,Other Minds,2018-05-03 20:06:02.906106+00,"https://images-na.ssl-images-amazon.com/images/I/51BjXkGJ0pL._SX331_BO1,204,203,200_.jpg",360
9780553587197,"",225,A Choir of Ill Children,2014-09-02 21:35:23.886151+00,http://ecx.images-amazon.com/images/I/51NDJGDIDML.jpg,67
9780441013654,AtrocityA,345,The atrocity archives,2012-06-08 12:50:01.232233+00,http://ecx.images-amazon.com/images/I/51H08WMPDTL.jpg,147
9780575097643,"",384,Whispers Under Ground,2012-08-20 01:07:23.350512+00,http://ecx.images-amazon.com/images/I/61XDcvMRg3L.jpg,134
9780061714313,"",448,Kill the Dead,2013-07-12 18:40:00.82344+00,http://ecx.images-amazon.com/images/I/51zP4f0hHvL.jpg,205
9780340952764,"",933,Needful Things,2013-02-27 05:40:02.26515+00,http://ecx.images-amazon.com/images/I/41Q9xYm8aML.jpg,123
9780141040349,"",435,Pride and Prejudice,2015-12-29 21:38:50.759341+00,http://ecx.images-amazon.com/images/I/51W6GCO9BwL.jpg,215
9781447273264,Sher,336,Who Killed Sherlock Holmes?,2016-05-23 15:46:47.523157+00,http://ecx.images-amazon.com/images/I/51CF62wZknL.jpg,213
9781609452339,ThoseWhoStay,400,Those Who Stay and Those Who Go,2016-01-13 22:49:46.989768+00,http://ecx.images-amazon.com/images/I/51mW8baA3YL.jpg,235
9781903254868,"",368,Satanic Panic,2017-03-13 23:32:59.261031+00,https://images-eu.ssl-images-amazon.com/images/I/514DdMy4PPL.jpg,"317,316"
9780857520937,"",384,This House is Haunted,2013-05-25 20:11:59.27211+00,http://ecx.images-amazon.com/images/I/51Y8C3JTxjL.jpg,186
9781594632433,"",235,Happiness by Design,2015-07-05 12:52:51.250641+00,http://ecx.images-amazon.com/images/I/41e13pkIBfL.jpg,249
9780990339311,"",372,The Long Way Down,2015-11-07 22:43:49.179439+00,http://ecx.images-amazon.com/images/I/51pWrdH2H4L.jpg,191
9781937557003,DesigningforE,104,Designing for Emotion,2012-07-20 13:54:31.528542+00,http://ecx.images-amazon.com/images/I/31jmLLi9E1L.jpg,238
9780330534697,"",288,Mr Fox,2016-12-08 22:37:02.665931+00,http://ecx.images-amazon.com/images/I/41lvUor0-PL.jpg,299
9781848313071,Etym,260,The Etymologicon,2014-09-06 20:50:43.204198+00,http://ecx.images-amazon.com/images/I/51WMQXMLnTL.jpg,247
9281000000001,CoffeeKale,236,When Coffee and Kale Compete,2017-01-27 23:07:49.813511+00,https://s3-eu-west-1.amazonaws.com/shelvdpics/9281000000001.png,10308
9780857388049,CuriousW,600,Curious Warnings,2012-08-06 01:44:09.922838+00,http://ecx.images-amazon.com/images/I/517QZXBJtlL.jpg,161
9780745644042,ComfortOT,300,The Comfort of Things,2015-09-05 21:09:53.726023+00,http://ecx.images-amazon.com/images/I/41KMRd0fDLL.jpg,117
9781492931331,ThreeGhosts,146,Three Winter Ghosts,2015-08-14 20:52:15.273902+00,http://ecx.images-amazon.com/images/I/51rca7OZEyL.jpg,189
9780340998441,"",369,The Teleportation Accident,,"",346
9781908968982,Rabbitb,352,The Rabbitback Literature Society,2014-03-10 22:36:54.301554+00,http://ecx.images-amazon.com/images/I/51ApGLck0HL.jpg,2
9781408870587,"",288,Why I'm No Longer Talking to White People About Race,2018-05-01 20:03:42.682861+00,https://images-eu.ssl-images-amazon.com/images/I/51C-e3lQLRL.jpg,10311
9781594202117,ManualoD,278,The Manual of Detection,2013-01-28 05:08:11.03056+00,http://ecx.images-amazon.com/images/I/51H4trrT8kL.jpg,21
9789063693817,Eatcaketoo,112,How to have your cake and eat it too,2015-12-29 21:53:47.021877+00,http://ecx.images-amazon.com/images/I/41sqly86eGL.jpg,244
9780008124786,"",272,The Ipcress File,2016-10-14 22:23:00+00,http://ecx.images-amazon.com/images/I/51y8ZVnVv4L.jpg,294
9788861921573,Drood,836,Drood,2015-01-16 22:24:40.561584+00,http://ecx.images-amazon.com/images/I/31V9nL0%2BnqL.jpg,158
9780007492787,"",336,The Palace of Curiosities,2016-01-03 21:12:57.876049+00,http://ecx.images-amazon.com/images/I/51gfXA0uSOL.jpg,210
9781476781891,Gjole,352,Gentleman Jole and the Red Queen,2016-06-07 20:16:07.305727+00,http://ecx.images-amazon.com/images/I/61-6VLYudCL.jpg,266
9781925228014,"",400,Come As You Are,2016-05-24 21:54:40.463156+00,http://ecx.images-amazon.com/images/I/41TJyZFbKJL.jpg,29
9780752851372,HollowM,213,The hollow man,2011-12-15 03:20:08.24092+00,http://ecx.images-amazon.com/images/I/5169e3SMMzL.jpg,24
9781905802128,Thirteen,256,Thirteen,2011-08-13 13:33:25.933917+00,http://ecx.images-amazon.com/images/I/41zTDYRFdzL.jpg,38
9780819562982,Triton,312,Trouble on Triton,2015-08-06 13:45:17.733767+00,http://ecx.images-amazon.com/images/I/41oOM0KH51L.jpg,98
9780007182138,TokyoC,405,Tokyo Cancelled,2013-05-23 22:15:01.66569+00,http://ecx.images-amazon.com/images/I/41QDZFB34PL.jpg,243
9780857205377,"",432,The English Monster,2017-02-05 00:00:39.015433+00,https://images-eu.ssl-images-amazon.com/images/I/51rRaU%2B18uL.jpg,312
9780007148233,HomeJM,480,Home,2011-07-30 19:07:15.630323+00,http://ecx.images-amazon.com/images/I/5164NMMXYML.jpg,137
9781472200310,OceanLane,256,The Ocean at the End of the Lane,2013-10-20 12:30:47.206872+00,http://ecx.images-amazon.com/images/I/51IhJVJO83L.jpg,42
9780321767530,HundredThings,256,100 Things Every Designer Needs to Know About People,2015-11-05 21:23:55.590392+00,http://ecx.images-amazon.com/images/I/51BSZ6CHpLL.jpg,233
9780356502571,fifteen,400,The First Fifteen Lives of Harry August,2014-05-25 21:13:45.92913+00,http://ecx.images-amazon.com/images/I/51FCHpQtA%2BL.jpg,87
9781905490431,"",451,The help,2011-11-14 22:12:46.943427+00,http://ecx.images-amazon.com/images/I/51RbZfeoYKL.jpg,56
9780312873110,LLaughs,256,The Land of Laughs,2016-05-17 10:52:20.637407+00,http://ecx.images-amazon.com/images/I/51oGASsC3EL.jpg,95
9780857684837,"",480,John Dies at the End,2014-12-30 15:27:23.388602+00,http://ecx.images-amazon.com/images/I/51aH5jqHOqL.jpg,7
9780990972402,"",350,Empires of Eve,2018-04-06 22:54:43.828628+00,https://images-eu.ssl-images-amazon.com/images/I/41MFvru1K3L._SX260_.jpg,356
9781908968135,"",208,Close to the Machine,2014-09-05 13:42:29.800629+00,http://ecx.images-amazon.com/images/I/51XlGUnOkFL.jpg,196
9780099520276,Snowman,560,The Snowman,2012-01-05 03:54:17.562708+00,http://ecx.images-amazon.com/images/I/51Mjn-dRSdL.jpg,130
9781783751785,"",332,Just One Damn Thing After Another,2015-09-14 11:48:39.193813+00,http://ecx.images-amazon.com/images/I/51xoeNt-iUL.jpg,106
9780689878558,"",274,Alanna,2011-10-23 03:44:10.853245+00,http://ecx.images-amazon.com/images/I/41arGcONcSL.jpg,151
9781841494135,"",470,Devil You Know,2014-02-09 22:08:36.384455+00,http://ecx.images-amazon.com/images/I/51dM6ym1ipL.jpg,120
9781596065215,"",232,Stranger Things Happen,2017-01-27 23:08:05.883347+00,http://ecx.images-amazon.com/images/I/51YMTyjc10L.jpg,284
9780765325563,"",304,Shades of Milk and Honey,2018-03-18 10:22:37.738915+00,http://ecx.images-amazon.com/images/I/51m6qMChAVL.jpg,58
9780719564659,"",260,Super Crunchers,2016-05-16 22:12:42.429794+00,http://ecx.images-amazon.com/images/I/41x7CxlNYlL.jpg,62
9781500439903,AKeep,134,Abbot's Keep,2016-01-23 20:27:05.821057+00,http://ecx.images-amazon.com/images/I/312vvApP7xL.jpg,46
9780719568374,"",598,The Meaning of Night,2014-04-19 22:40:00.113349+00,http://ecx.images-amazon.com/images/I/51gz-SHGBVL.jpg,88
9780765330277,LondonFalling,416,London Falling,2013-02-11 04:54:56.748253+00,http://ecx.images-amazon.com/images/I/412RAUj-w7L.jpg,213
9780992765590,ICities,576,Imaginary Cities,2016-05-24 21:54:46.399894+00,http://ecx.images-amazon.com/images/I/61MlEFObVmL.jpg,176
9781933633862,Debt,534,Debt,2014-07-05 21:38:31.886275+00,http://ecx.images-amazon.com/images/I/316s7LYDYrL.jpg,27
9780857664266,"",352,Unseemly Science,2017-12-21 19:35:03.487132+00,"https://images-na.ssl-images-amazon.com/images/I/51ddfxG-cXL._SX328_BO1,204,203,200_.jpg",343
9781945796685,"",218,101 True Scary Stories to Read in Bed Tonight,2018-04-06 22:56:19.967946+00,https://images-eu.ssl-images-amazon.com/images/I/41vdKnD80yL.jpg,357
9781476781112,"",400,Barrayar,2016-06-14 22:12:24.419632+00,http://ecx.images-amazon.com/images/I/515%2BMku2RZL.jpg,266
9781597801607,"",350,The Improbable Adventures of Sherlock Holmes,2018-06-06 10:33:06.678884+00,https://images-eu.ssl-images-amazon.com/images/I/51WPqF2VDwL.jpg,355
9789381017647,MQueen,181,The Missing Queen,2015-07-25 18:51:23.904239+00,http://ecx.images-amazon.com/images/I/51-gIykvsxL.jpg,65
9781405913218,"",503,Mercy,2014-08-31 18:57:00.180907+00,http://ecx.images-amazon.com/images/I/51Sh91XKYYL.jpg,89
9780857862426,"",352,The Haunted Book,2012-12-28 15:40:01.881658+00,http://ecx.images-amazon.com/images/I/51Ztvwx68yL.jpg,144
9781846687761,HalfBB,256,Half-Blood Blues,2012-07-04 12:01:30.922281+00,http://ecx.images-amazon.com/images/I/414YE8FIj6L.jpg,73
9781843548317,RedApril,271,Red April,2014-10-16 07:59:57.452119+00,http://ecx.images-amazon.com/images/I/51Q-Mpp-0ML.jpg,105
9781846555237,"",400,The Night Circus,2015-11-03 19:53:37.99679+00,http://ecx.images-amazon.com/images/I/51k5jHy3UAL.jpg,108
9781594205231,TheKnowledge,352,The Knowledge,2014-08-19 08:24:26.196723+00,http://ecx.images-amazon.com/images/I/51Zr-BJ86vL.jpg,40
9781781083987,EurMid,384,Europe at Midnight,2016-06-01 16:09:38.581622+00,http://ecx.images-amazon.com/images/I/51bvHR9RBLL.jpg,167
9780241977743,"",336,Gastrophysics: The New Science of Eating,2018-07-09 21:09:23.057896+00,https://images-eu.ssl-images-amazon.com/images/I/51VbCCQgC3L.jpg,379
9781118660638,"",304,The Year Without Pants,2013-09-15 16:38:04.44633+00,http://ecx.images-amazon.com/images/I/51owey2z8ML.jpg,48
9781845299262,Mammothnsh,512,The Mammoth Book of New Sherlock Holmes Adventures,2012-04-08 15:21:10.381223+00,http://ecx.images-amazon.com/images/I/51fE63ILPtL.jpg,140
9780544520561,"",288,The Poison Artist,2016-04-03 17:24:20.545226+00,http://ecx.images-amazon.com/images/I/41gGiKjw4LL.jpg,39
9781447256236,"",400,The Invisible Library,2015-03-16 13:08:05.939528+00,http://ecx.images-amazon.com/images/I/61eipzF7IHL.jpg,112
9780719564550,"",448,The Secret Life of Words,2018-06-16 21:51:25.1406+00,https://images-eu.ssl-images-amazon.com/images/I/518T39cN1nL.jpg,352
9780575127647,"",384,Jack Glass,2016-04-24 22:08:07.332339+00,http://ecx.images-amazon.com/images/I/612wYa0btTL.jpg,223
9781848878006,"",368,The Making of Home,2015-12-06 00:13:59.471814+00,http://ecx.images-amazon.com/images/I/51FaVqNWnPL.jpg,17
9780857665294,"",416,The Bullet-Catcher's Daughter,2017-12-18 21:12:33.344074+00,https://images-eu.ssl-images-amazon.com/images/I/51P%2B9gx45pL.jpg,343
9781847923288,IMulti,368,I Contain Multitudes,2016-11-10 22:25:26.14372+00,http://ecx.images-amazon.com/images/I/51bXW1EUjOL.jpg,293
9781408839997,"",657,The Silk Roads,2017-08-05 20:25:09.460064+00,https://images-eu.ssl-images-amazon.com/images/I/61BRycZqEjL.jpg,322
9780385610674,"",304,White Corridor,2013-09-11 13:15:51.44926+00,http://ecx.images-amazon.com/images/I/51IuklOfZCL.jpg,212
9780141391472,"",320,Decoded: A Novel,2017-04-22 11:59:11.337305+00,https://images-eu.ssl-images-amazon.com/images/I/41DoAzxvOqL.jpg,324
9780007454761,"",288,Communion Town,2013-05-26 01:40:09.17723+00,http://ecx.images-amazon.com/images/I/61xJ8ucZMhL.jpg,174
9780374292089,"",224,Wolf in White Van,2015-02-13 22:57:37.928168+00,http://ecx.images-amazon.com/images/I/61dUvQFnA6L.jpg,63
9780671656041,"",256,Ethan of Athos,2016-06-21 21:44:16.274726+00,http://ecx.images-amazon.com/images/I/51%2BSSIpmK4L.jpg,266
9781847084231,Putin,330,The Man Without a Face,2015-04-16 21:54:11.774306+00,http://ecx.images-amazon.com/images/I/41CV6EllFYL.jpg,202
9780802128997,"",240,Freshwater,2018-06-24 16:51:47.065693+00,https://images-eu.ssl-images-amazon.com/images/I/51AKAqxuu5L.jpg,376
9781616954451,"",332,"Foreign Gods, Inc.",2016-07-29 18:00:03.810508+00,http://ecx.images-amazon.com/images/I/51xZsRap6nL.jpg,276
9780099409991,"",337,The Big Con,2017-04-16 20:06:46.771575+00,https://images-eu.ssl-images-amazon.com/images/I/51qQENWG5ML.jpg,323
9780691168340,"",337,Coming of Age in Second Life,2017-07-14 17:01:29.8828+00,https://images-eu.ssl-images-amazon.com/images/I/41YYfG7suhL.jpg,330
9781847084323,Luminaries,832,The Luminaries,2014-02-05 18:17:29.021086+00,http://ecx.images-amazon.com/images/I/413TRS19ktL.jpg,12
9780312323226,UtLC,876,Under the Loving Care of the Fatherly Leader,2013-04-04 16:16:58.24315+00,http://ecx.images-amazon.com/images/I/51DETXF9V4L.jpg,237
9780330322218,"",311,Borders of Infinity,2016-06-30 20:31:26.072978+00,http://ecx.images-amazon.com/images/I/51ncqvK3xaL.jpg,266
9780330534192,"",384,The City & the City,2017-01-23 22:39:21.835559+00,https://images-eu.ssl-images-amazon.com/images/I/51C8yZ6sGfL.jpg,83
9780465051366,EDesign,257,Emotional Design,2017-12-16 19:13:53.697987+00,http://ecx.images-amazon.com/images/I/41tEBlukEtL.jpg,154
9781847083197,Sisbro,325,The Sisters Brothers,2016-05-08 15:23:21.877917+00,http://ecx.images-amazon.com/images/I/51eMXZnu2KL.jpg,229
9781476716572,"",352,All the Single Ladies,2016-06-30 20:29:02.535755+00,http://ecx.images-amazon.com/images/I/51VtsmYYb2L.jpg,271
9780007194155,"",208,The Contortionist's Handbook,2017-03-05 00:29:24.212741+00,https://images-eu.ssl-images-amazon.com/images/I/51gV1i18AQL.jpg,318
9780566086656,"",400,The Goal: A Process of Ongoing Improvement,2016-07-22 22:26:24.31543+00,http://ecx.images-amazon.com/images/I/41J%2BLSQFqvL.jpg,"274,273"
9780374534837,"",288,Perv,2014-04-14 22:40:00.113349+00,http://ecx.images-amazon.com/images/I/51YxXGgrcOL.jpg,222
9780575088894,"",331,The Quantum Thief,2015-10-19 12:23:28.989996+00,http://ecx.images-amazon.com/images/I/613QCbWP5-L.jpg,119
9781781256480,"",273,I Love Dick,2017-01-27 23:08:24.105281+00,"https://images-na.ssl-images-amazon.com/images/I/41OLAlI9BsL._SX320_BO1,204,203,200_.jpg",10309
9780230750760,"",350,Embassytown audiobook,2013-12-15 12:58:25.185058+00,http://ecx.images-amazon.com/images/I/51qemQS5w3L.jpg,83
9780007429257,"",88,The Tiny Wife,2013-03-09 04:16:41.00803+00,http://ecx.images-amazon.com/images/I/61VaJMj%2BpfL.jpg,103
9780575083066,"",263,Something Wicked This Way Comes,2013-10-13 12:33:52.858293+00,http://ecx.images-amazon.com/images/I/51iqXvP9eXL.jpg,94
9781843540816,Somers,570,Somersault,2016-04-02 20:00:18.471076+00,http://ecx.images-amazon.com/images/I/41J5PY6ZATL.jpg,90
9780670919987,"",352,The Power,2017-11-11 17:51:54.956755+00,https://images-eu.ssl-images-amazon.com/images/I/51BLVkwoDkL.jpg,339
9781409127956,"",480,The Shadow Year,2015-06-19 08:01:58.773002+00,http://ecx.images-amazon.com/images/I/51n-NollJyL.jpg,43
9781847679468,"",352,The Last Werewolf,2013-12-31 00:11:15.830388+00,http://ecx.images-amazon.com/images/I/51p2iW4u3mL.jpg,47
9780446533027,"",304,The Salt Road,2018-01-25 10:06:17.277179+00,https://s3-eu-west-1.amazonaws.com/shelvdpics/9780446533027.jpg,10312
9780340921357,BagoB,672,Bag of Bones,2012-07-18 16:40:01.924992+00,http://ecx.images-amazon.com/images/I/51pnl84HxTL.jpg,123
9781782114765,Honour,416,The Honours,2015-12-12 17:44:59.800722+00,https://s3-eu-west-1.amazonaws.com/shelvdpics/the-honours.jpg,66
9780141024325,"",514,Special Topics in Calamity Physics,2013-04-19 02:26:25.22391+00,http://ecx.images-amazon.com/images/I/513jKK1NwjL.jpg,25
9781409128786,"",529,The Witches of New York,2018-04-26 04:24:24.678674+00,https://images-eu.ssl-images-amazon.com/images/I/61PdVQizGHL.jpg,359
9780099537823,ATabloid,592,American Tabloid,2014-07-05 21:38:42.255038+00,http://ecx.images-amazon.com/images/I/515KCZJ7fUL.jpg,28
9780099505693,Madetostick,304,Made to Stick,2013-05-23 22:15:26.87537+00,http://ecx.images-amazon.com/images/I/41Vgcin3iOL.jpg,23
9780934678483,"",220,Tell Me What You Like,2018-03-06 22:42:55.246247+00,https://images-eu.ssl-images-amazon.com/images/I/410ZWF2RHRL.jpg,353
9780349114903,"",410,The Sacred Art of Stealing,2016-11-14 08:39:00+00,http://ecx.images-amazon.com/images/I/41QT0PLuw-L.jpg,250
9781857988130,"",210,Do androids dream of electric sheep?,2011-12-10 22:10:28.337025+00,http://ecx.images-amazon.com/images/I/51Wk4YAAPjL.jpg,228
9781844087419,"",384,Her Brilliant Career,2014-05-03 22:49:23.314521+00,http://ecx.images-amazon.com/images/I/51na1D8k2mL.jpg,180
9781784299606,"",416,The Somnambulist and the Psychic Thief,2018-01-20 23:44:30.639049+00,https://s3-eu-west-1.amazonaws.com/shelvdpics/9781784299606.jpg,348
9785556254596,"",789,Jonathan Strange and Mr Norrell audiobook,2012-12-22 02:32:04.756447+00,http://ecx.images-amazon.com/images/I/41VYAhR7JWL.jpg,195
9781596435520,"",221,Anya's Ghost,2016-01-02 00:22:42.489305+00,http://ecx.images-amazon.com/images/I/41LDakpAaCL.jpg,110
9781841494159,DeadMB,534,Dead Men's Boots,2016-07-10 20:15:54.789432+00,http://ecx.images-amazon.com/images/I/51vIUm%2BXH9L.jpg,120
9780061583254,"",320,The Happiness Project,2014-04-22 22:40:00.113349+00,https://s3-eu-west-1.amazonaws.com/shelvdpics/happiness-project.jpg,20
9780755307029,TDead,407,The Dead,2016-05-13 20:53:20.391583+00,http://ecx.images-amazon.com/images/I/418XJG5NSXL.jpg,169
9781892391209,HerSmoke,448,Her Smoke Rose Up Forever,2015-07-05 13:15:32.568003+00,http://ecx.images-amazon.com/images/I/510dhU%2B8avL.jpg,37
9780062049803,"",368,State of Wonder,2012-06-21 12:10:01.507936+00,http://ecx.images-amazon.com/images/I/61ttHgS9aIL.jpg,225
9781849906517,"",320,A Very British Murder,2014-09-06 20:50:14.904466+00,http://ecx.images-amazon.com/images/I/51jeclJY7DL.jpg,187
9780765387868,BoBTom,152,The Ballad of Black Tom,2016-05-17 11:32:27.040316+00,http://ecx.images-amazon.com/images/I/51UciWzRopL.jpg,50
9781476739335,"",272,Playing Dead,2017-02-23 11:25:50.150635+00,https://images-eu.ssl-images-amazon.com/images/I/51zhPeFKwAL.jpg,315
9780312671938,StonewallCarter,352,Stonewall,2014-06-01 15:12:36.551976+00,http://ecx.images-amazon.com/images/I/51Rxym13fYL.jpg,188
9781612193748,UtopiaRules,261,The Utopia of Rules,2015-09-05 21:09:40.734089+00,http://ecx.images-amazon.com/images/I/51dYGzGi6rL.jpg,27
9781604860887,"",262,Geek Mafia: Black Hat Blues,2011-11-10 22:13:51.59465+00,http://ecx.images-amazon.com/images/I/41j1eCUYaHL.jpg,204
9780099362210,Swannw,544,Swann's Way,2016-09-01 09:20:46.255205+00,http://ecx.images-amazon.com/images/I/51m-IsDaysL.jpg,282
9780812993011,cinc,224,"Creativity, Inc",2014-06-06 18:07:18.47381+00,http://ecx.images-amazon.com/images/I/41xs4vbcTPL.jpg,91
9781447256250,"",368,The Masked City,2015-12-06 00:13:23.416145+00,http://ecx.images-amazon.com/images/I/51YMNdPuBwL.jpg,112
9780330519021,"",336,Room,2011-09-13 03:17:11.825375+00,http://ecx.images-amazon.com/images/I/51wVqQwHAXL.jpg,206
9780356508191,"",512,The Fifth Season,2016-12-27 18:56:22.200447+00,https://images-eu.ssl-images-amazon.com/images/I/619UGpWJ%2BxL.jpg,302
9780141188034,"",192,The Emperor,2014-03-06 14:27:55.097577+00,http://ecx.images-amazon.com/images/I/51G5l4xFvDL.jpg,183
9780575081406,NameotW,661,The Name of the Wind,2012-11-15 04:43:14.677151+00,http://ecx.images-amazon.com/images/I/513NGU8HpYL.jpg,173
9781780879758,"",416,The Ghost Hunters,2013-11-19 08:53:37.563635+00,http://ecx.images-amazon.com/images/I/51lC-Cmn6ZL.jpg,114
9780099754916,"",180,The Comfort Of Strangers,2017-07-10 21:42:42.251013+00,https://images-eu.ssl-images-amazon.com/images/I/41G6miHQnGL.jpg,329
9780099593379,"",288,Flaneuse,2018-01-21 22:32:59.96571+00,https://s3-eu-west-1.amazonaws.com/shelvdpics/flaneuse.png,310
9781843540700,Gould,404,Gould's Book of Fish,2014-12-01 22:02:11.577727+00,http://ecx.images-amazon.com/images/I/41D2T8H8C3L.jpg,36
9780224096386,Quick,496,The Quick,2014-07-11 22:20:10.73652+00,http://ecx.images-amazon.com/images/I/61MlS05h81L.jpg,252
9781782060574,"",464,The Mysteries,2018-01-27 18:01:47.812996+00,https://s3-eu-west-1.amazonaws.com/shelvdpics/9781782060574.jpg,348
9780340998434,"",368,The Teleportation Accident,2018-05-03 20:03:59.093906+00,https://images-eu.ssl-images-amazon.com/images/I/51DxNwkbxIL.jpg,346
9780241972762,WTF,432,Whiskey Tango Foxtrot,2015-08-20 08:03:51.002941+00,https://s3-eu-west-1.amazonaws.com/shelvdpics/wtf.jpg,211
9781857988222,"",256,The Demolished Man,2016-08-02 07:44:52.816678+00,http://ecx.images-amazon.com/images/I/51yMoyRjwVL.jpg,281
9781476781105,"",400,Shards of Honor,2016-06-13 22:08:19.280907+00,http://ecx.images-amazon.com/images/I/51X7vLbmv7L.jpg,266
9780446675505,"",345,Parable of the Sower,2018-01-12 23:02:30.782715+00,https://images-eu.ssl-images-amazon.com/images/I/51x9J2WZRwL.jpg,287
9781857230741,"",256,The Left Hand of Darkness,2016-02-16 22:36:05.422272+00,http://ecx.images-amazon.com/images/I/51SWJ2RotzL.jpg,184
9780007520763,WhoGetsWhat,272,Who Gets What and Why,2015-08-28 13:42:23.163789+00,http://ecx.images-amazon.com/images/I/51jQodG0wBL.jpg,18
9781787330979,"",288,Our Friends in Berlin,2018-07-20 22:12:31.988477+00,https://images-eu.ssl-images-amazon.com/images/I/51iX64BfO1L.jpg,381
9781473222427,"",129,The Furthest Station,2017-11-11 17:58:39.322194+00,https://images-eu.ssl-images-amazon.com/images/I/61k%2BBLEAriL.jpg,134
9781416555445,"",338,Brothers in Arms,2016-07-02 20:27:42.557776+00,http://ecx.images-amazon.com/images/I/51ldqQIiVzL.jpg,266
9780141041155,Perfume,263,Perfume,2015-07-21 20:49:54.008393+00,http://ecx.images-amazon.com/images/I/51amyJf2X7L.jpg,52
9781594631412,Fragrant,288,Fragrant,2017-04-16 20:02:26.845027+00,https://images-eu.ssl-images-amazon.com/images/I/51NuDidkxNL.jpg,320
9780857520173,BeforeIgts,368,Before I Go to Sleep,2012-03-20 13:12:45.633025+00,http://ecx.images-amazon.com/images/I/513foWjBzCL.jpg,246
9780446696166,"",310,Fledgling,2016-09-02 15:52:00.283522+00,http://ecx.images-amazon.com/images/I/513KM8gc4JL.jpg,287
9780330534239,PerdidoSS,880,Perdido Street Station,2012-08-06 01:38:14.345223+00,http://ecx.images-amazon.com/images/I/51WllY41a4L.jpg,83
9781846689666,"",336,We Are All Completely Beside Ourselves,2014-12-24 16:09:48.054705+00,http://ecx.images-amazon.com/images/I/515Qx-griFL.jpg,55
9780340220429,HonorBoy,532,The Honourable Schoolboy,2016-10-28 23:56:01.937312+00,http://ecx.images-amazon.com/images/I/41GwzWHf2mL.jpg,289
9781848134072,Glamour,238,Glamour,2015-02-20 14:57:35.296985+00,http://ecx.images-amazon.com/images/I/51xL9D-z8FL.jpg,136
9780241953532,"",368,Pattern Recognition,2015-09-28 15:14:24.653905+00,http://ecx.images-amazon.com/images/I/41Ao74Xr5cL.jpg,175
9781472154118,"",208,The Merry Spinster: Tales of everyday horror,2018-06-26 18:17:43.28054+00,https://images-eu.ssl-images-amazon.com/images/I/51wVTM2jEnL.jpg,374
9780099458326,"",505,Kafka on the Shore,2015-07-05 12:49:47.830928+00,http://ecx.images-amazon.com/images/I/41TvTGET64L.jpg,6
9781473616684,"",240,Slade House,2015-12-25 21:18:48.118599+00,http://ecx.images-amazon.com/images/I/51mKYdkW9jL.jpg,1
9781908745521,"",96,The Visitors Book,2015-12-28 23:05:52.60683+00,http://ecx.images-amazon.com/images/I/51gkLqNaf3L.jpg,99
9780374532079,"",224,The White Album,2014-04-12 11:40:00.113349+00,http://ecx.images-amazon.com/images/I/51hv3Hn345L.jpg,152
9780307463746,Rework,279,Rework,2012-06-08 02:20:01.023189+00,http://ecx.images-amazon.com/images/I/419F9j3GqxL.jpg,13
9780356502892,"",448,The Oversight (Oversight Trilogy),2016-10-11 21:16:04.232163+00,http://ecx.images-amazon.com/images/I/51akhnkQY6L.jpg,292
9781857886597,"",240,Talent is Overrated,2017-12-16 19:13:47.162514+00,https://images-eu.ssl-images-amazon.com/images/I/41JkK%2BGOERL.jpg,321
9780262640374,"",270,The Design of Everyday Things,2012-07-18 17:30:01.521123+00,"http://ecx.images-amazon.com/images/I/417eQ5d7FiL._SY344_BO1,204,203,200_.jpg",154
9781781081945,FEurope,432,Europe In Autumn,2016-05-14 21:23:07.016439+00,http://ecx.images-amazon.com/images/I/51A-nMab2zL.jpg,167
9781632159137,"",144,"The Wicked + The Divine, Volume 4",2016-11-12 20:40:00+00,https://images-eu.ssl-images-amazon.com/images/I/51wLFfOV-PL.jpg,177
9780356502410,"",384,Ancillary Sword,2016-02-28 21:44:11.822286+00,http://ecx.images-amazon.com/images/I/51300AniPzL.jpg,74
9780007230204,WolfHall,652,Wolf Hall,2013-02-05 05:09:23.713679+00,http://ecx.images-amazon.com/images/I/51ib2jQFgJL.jpg,214
9781447250326,"",210,Being Dead,2017-07-10 08:47:56.399106+00,https://images-eu.ssl-images-amazon.com/images/I/512fQSpviwL.jpg,325
9780552776639,"",624,Life After Life,2016-04-19 08:07:23.058489+00,http://ecx.images-amazon.com/images/I/41clh8Uv6hL.jpg,197
9780356504568,Touch,464,Touch,2016-05-11 14:57:29.96176+00,http://ecx.images-amazon.com/images/I/51n7NK7NV%2BL.jpg,87
9780141040011,Nudge,305,Nudge,2014-02-05 18:15:32.646915+00,http://ecx.images-amazon.com/images/I/41atKcI2pSL.jpg,142
9781782067542,"",144,The Language of the Dying,2014-09-08 12:03:04.969028+00,http://ecx.images-amazon.com/images/I/51swPaag9YL.jpg,15
9780140239751,"",224,Being Dead,2017-05-26 22:04:18.035825+00,https://images-eu.ssl-images-amazon.com/images/I/51coBGWWvGL.jpg,325
9780446618717,"",592,Vicious Circle,2014-02-19 22:15:30.72879+00,https://s3-eu-west-1.amazonaws.com/shelvdpics/vicious-circle.jpg,120
9780804170703,"",336,Veronica Mars,2014-06-29 21:59:01.769021+00,http://ecx.images-amazon.com/images/I/51qyuMScdML.jpg,208
9781596921641,"",440,Demon Theory,2017-02-25 21:15:51.005018+00,https://images-eu.ssl-images-amazon.com/images/I/411R1BG63YL.jpg,314
9781785653643,"",400,Disappearance at Devil’s Rock,2018-07-11 20:27:57.559227+00,https://images-eu.ssl-images-amazon.com/images/I/5151vHq8oWL.jpg,367
9780007183135,"",352,Stumbling on Happiness,2015-02-03 23:14:30.601517+00,http://ecx.images-amazon.com/images/I/51stXjIOG5L.jpg,92
9780575097605,Moonos,384,Moon Over Soho,2012-08-20 01:07:00.244653+00,http://ecx.images-amazon.com/images/I/51zyxmjIhKL.jpg,134
9781632156310,"",200,"The Wicked + the Divine, Volume 3",2016-11-12 20:05:00+00,http://ecx.images-amazon.com/images/I/41Gk-NgfULL.jpg,177
9781604860702,"",337,Tunnel People,2018-06-24 18:00:29.385875+00,https://images-eu.ssl-images-amazon.com/images/I/41EnjQsl4EL.jpg,375
9780007480197,"",656,The Golem and the Djinni,2014-09-16 21:01:42.867128+00,http://ecx.images-amazon.com/images/I/51zc2elSJuL.jpg,179
9780099479048,"",244,26a,2017-05-26 22:04:44.503563+00,https://images-eu.ssl-images-amazon.com/images/I/51B7D37JTGL.jpg,327
9780312570828,"",246,The Good Thief's Guide to Amsterdam,2018-02-13 15:32:13.526869+00,https://images-eu.ssl-images-amazon.com/images/I/51ILUkur2ML.jpg,350
9780552166751,"",384,Snuff,2012-05-13 13:25:02.766378+00,http://ecx.images-amazon.com/images/I/61dau4zi3dL.jpg,78
9780340995747,AttEm,352,The Attenbury Emeralds,2016-07-01 23:38:11.55894+00,http://ecx.images-amazon.com/images/I/51F6l7kWiKL.jpg,51
9780711233775,"",192,The Meaning of Home,2017-08-05 20:28:48.176303+00,https://images-eu.ssl-images-amazon.com/images/I/51w07r22FhL.jpg,332
9780575081253,BAngels,480,Broken Angels,2015-11-03 19:53:42.686935+00,http://ecx.images-amazon.com/images/I/41GHsHgrUhL.jpg,10
9781632150196,"",144,"The Wicked + the Divine, Volume 1",2016-11-12 18:40:00+00,http://ecx.images-amazon.com/images/I/41x1xWKJcTL.jpg,177
9780099571575,"",528,Fatherland,2014-04-15 22:40:00.113349+00,http://ecx.images-amazon.com/images/I/411sb-RDdIL.jpg,118
9781495607394,"",279,The Assimilated Cuban's Guide to Quantum Santeria,2017-07-14 17:02:49.497054+00,https://images-eu.ssl-images-amazon.com/images/I/51uKpoa2feL.jpg,331
9781439158487,Serialist,335,The Serialist,2016-05-29 21:44:50.949889+00,http://ecx.images-amazon.com/images/I/41FAjnIHd9L.jpg,170
9781841497334,"",350,"AMadness of Angels by Griffin, Kate ( Author ) ON Apr-02-2009, Paperback",2018-07-07 20:17:57.110527+00,https://images-eu.ssl-images-amazon.com/images/I/51-Mq-zgO3L.jpg,377
9781563411403,Gilda,268,The Gilda Stories,2017-01-02 21:16:25.566993+00,"https://images-na.ssl-images-amazon.com/images/I/41Mfw4uG37L._SX328_BO1,204,203,200_.jpg",304
9781847676566,Jamrach,348,Jamrach's menagerie,2012-02-28 05:36:29.95411+00,http://ecx.images-amazon.com/images/I/61uNO%2BIx0hL.jpg,192
9780575076945,LiesoLL,505,The Lies of Locke Lamora,2015-04-12 21:21:26.143914+00,http://ecx.images-amazon.com/images/I/51Y57XKxuAL.jpg,100
9780340993781,SPeople,464,Smiley's People,2016-11-10 18:57:42.737942+00,http://ecx.images-amazon.com/images/I/51u3JX196rL.jpg,289
9780141191454,"",176,We Have Always Lived in the Castle ,2018-05-18 19:59:27.182298+00,https://images-eu.ssl-images-amazon.com/images/I/51B%2BErKlDqL.jpg,251
9780575097568,"",400,Rivers of London,2012-08-20 01:06:32.236405+00,http://ecx.images-amazon.com/images/I/61cBSJRyIqL.jpg,134
9780385608862,"",368,Ten-Second Staircase,2012-12-07 03:06:50.437431+00,http://ecx.images-amazon.com/images/I/41H6CFTAM1L.jpg,212
9781781084632,EurWinter,320,Europe in Winter,2016-11-10 22:24:57.626085+00,http://ecx.images-amazon.com/images/I/517ZDVvI1SL.jpg,167
9780671878450,"",480,Memory,2016-08-23 16:23:31.598691+00,http://ecx.images-amazon.com/images/I/51IM-HapbsL.jpg,266
9781632153272,"",168,"The Wicked + the Divine, Volume 2",2016-11-12 19:15:00+00,http://ecx.images-amazon.com/images/I/51npp-31uDL.jpg,177
9780691138619,"",256,Delete,2013-07-13 03:07:29.66612+00,http://ecx.images-amazon.com/images/I/31qAdT7K4cL.jpg,221
9780755322817,AGods,640,American Gods,2016-01-31 21:13:48.821729+00,http://ecx.images-amazon.com/images/I/514BzvkfaqL.jpg,42
9780340921609,"",608,The Bone Clocks,2014-12-09 22:41:29.634527+00,http://ecx.images-amazon.com/images/I/61bUhBb11mL.jpg,1
9780753827031,DarkPlaces,370,Dark Places,2016-06-06 13:12:17.348961+00,http://ecx.images-amazon.com/images/I/51imjknO8PL.jpg,267
9780141022093,"",336,The Craftsman,2014-07-05 21:39:03.975381+00,http://ecx.images-amazon.com/images/I/51qHSEnZPCL.jpg,32
9781785653674,"",320,A Head Full of Ghosts,2018-05-16 16:22:07.621141+00,https://images-eu.ssl-images-amazon.com/images/I/51Uokh%2BhiHL.jpg,367
9780575084643,GhostS,528,Ghost Story,2013-11-06 23:10:57.956602+00,http://ecx.images-amazon.com/images/I/513z9SzVDcL.jpg,61
9781409123354,ElijahM,416,Elijah's Mermaid,2013-02-21 14:50:04.12366+00,http://ecx.images-amazon.com/images/I/61JgqhDZPDL.jpg,201
9780553804690,"",800,The Republic of Thieves,2013-10-27 20:36:17.609665+00,http://ecx.images-amazon.com/images/I/51yQAM%2BbCqL.jpg,100
9781405131124,"",352,50 Great Myths of Popular Psychology,2018-05-20 20:54:40.271656+00,https://images-eu.ssl-images-amazon.com/images/I/51g2l2gEiAL.jpg,368
9780712357708,"",256,Mystery in White,2014-12-01 22:01:55.049443+00,http://ecx.images-amazon.com/images/I/61x4fd-aY3L.jpg,165
9781846275159,"",280,The End of Days,2016-11-25 23:08:26.972591+00,http://ecx.images-amazon.com/images/I/41fMMcvitbL.jpg,44
9780349116846,"",512,A Big Boy Did it and Ran Away,2016-05-28 09:27:27.963823+00,http://ecx.images-amazon.com/images/I/41GX6WVJ1SL.jpg,250
9780752881676,"",456,The Thirteenth Tale,2015-03-04 22:40:46.720198+00,http://ecx.images-amazon.com/images/I/31DaT5pnzKL.jpg,199
9780575084469,RepThieves,736,The Republic of Thieves,2015-05-20 07:39:47.249626+00,http://ecx.images-amazon.com/images/I/51d1dVvR8GL.jpg,100
9780007446025,"",448,Aloha From Hell,2013-07-17 02:29:31.90022+00,https://s3-eu-west-1.amazonaws.com/shelvdpics/aloha-from-hell.JPG,205
9780141967479,"",240,Rat Bohemia,,"",261
9781847670649,"",177,Ragnarök,2012-10-26 02:02:46.794834+00,http://ecx.images-amazon.com/images/I/51Ekq39JJ-L.jpg,156
9781882968213,"",311,Quin's Shanghai Circus,2016-04-18 21:36:09.181362+00,http://ecx.images-amazon.com/images/I/51CD66QSY6L.jpg,35
9780099553465,MagicianK,560,The Magician King,2014-10-26 16:05:08.375868+00,https://s3-eu-west-1.amazonaws.com/shelvdpics/magician-king.jpg,234
9781580051545,WhippingGirl,408,Whipping Girl,2015-03-31 22:17:55.604757+00,http://ecx.images-amazon.com/images/I/51-byitJfQL.jpg,75
9781846271908,"",150,Visitation,2013-12-31 00:09:58.021273+00,http://ecx.images-amazon.com/images/I/51zWyl9%2BAcL.jpg,44
9780552167628,"",469,The Fifth Elephant,2018-05-13 14:52:48.565187+00,https://images-eu.ssl-images-amazon.com/images/I/51D1EY-maeL.jpg,78
9780575073210,"",404,Altered Carbon,2013-08-27 01:52:16.26099+00,http://ecx.images-amazon.com/images/I/51nOTUonbsL.jpg,10
9781844082414,"",506,The Night Watch,2016-05-11 13:12:00+00,https://s3-eu-west-1.amazonaws.com/shelvdpics/night-watch.jpg,86
9780007150939,YiddishPU,411,The Yiddish Policemen's Union,2012-09-28 03:25:59.93954+00,http://ecx.images-amazon.com/images/I/518NJB-UnPL.jpg,3
9781479835454,WWfWaW,394,What Works for Women at Work,2015-08-24 14:06:20.783023+00,http://ecx.images-amazon.com/images/I/412zrF7FmoL.jpg,"303,166"
9789381626849,"",130,Sin Is a Puppy That Follows You Home,2016-01-31 22:45:32.441046+00,http://ecx.images-amazon.com/images/I/51z1rHkymjL.jpg,126
9781472108685,"",352,Deathless,2014-11-22 09:00:53.376031+00,http://ecx.images-amazon.com/images/I/61Qx5-d4lBL.jpg,232
9781780896847,"",374,The Word Is Murder,2017-09-03 21:03:53.2849+00,https://images-eu.ssl-images-amazon.com/images/I/51jUcqakIFL.jpg,226
9781846557279,"",346,Black Chalk,2015-07-20 20:16:57.623691+00,http://ecx.images-amazon.com/images/I/51fMb5YfCYL.jpg,22
9781444791624,"",512,The Vanished Man,2017-11-30 04:20:52.510195+00,https://images-eu.ssl-images-amazon.com/images/I/41G3Ko-jlBL.jpg,340
9780441016716,"",416,The Jennifer Morgue,2012-06-21 11:53:53.569446+00,http://ecx.images-amazon.com/images/I/51f7FojCZ4L.jpg,147
9780857661142,"",347,Hard Spell,2015-02-02 08:28:13.879809+00,http://ecx.images-amazon.com/images/I/51743i75V-L.jpg,26
9780321344755,"",201,Don't make me think!,2011-09-07 03:44:03.975469+00,http://ecx.images-amazon.com/images/I/51Swm3TW72L.jpg,129
9781936071609,Montreal,256,Last Night in Montreal,2015-02-20 12:25:40.909107+00,http://ecx.images-amazon.com/images/I/41wZPecCsoL.jpg,111
9781846684821,DamnJD,320,The Damnation of John Donellan,2011-09-20 00:30:15.082315+00,http://ecx.images-amazon.com/images/I/516mJ1u53xL.jpg,150
9780571297627,"",512,"Ace, King, Knave",2014-09-07 14:40:31.54827+00,http://ecx.images-amazon.com/images/I/51rpBDQ%2BgwL.jpg,125
9780007120796,"",276,Dumb Witness,2016-06-02 13:08:25.105844+00,http://ecx.images-amazon.com/images/I/419GM49X3WL.jpg,5
9781442427662,"",368,Lioness Rampant,2013-11-29 08:31:18.879548+00,http://ecx.images-amazon.com/images/I/61xG%2BgBrO2L.jpg,151
9780141038872,Braintci,448,The Brain That Changes Itself,2011-12-26 05:19:45.226809+00,http://ecx.images-amazon.com/images/I/51pSWjewUEL.jpg,209
9781573227889,TippingtV,472,Tipping the velvet,2011-12-18 20:17:18.105687+00,http://ecx.images-amazon.com/images/I/41d6uYvPLcL.jpg,86
9780575076952,Redsurs,640,Red seas under red skies,2015-05-12 11:24:02.451785+00,http://ecx.images-amazon.com/images/I/51qZJH2lTEL.jpg,100
9781910192146,"",288,His Bloody Project,2017-12-26 23:14:22.56896+00,https://images-eu.ssl-images-amazon.com/images/I/51Oxk2ZJX3L.jpg,345
9781594745263,"",256,Horrorstor,2016-05-24 10:25:01.408903+00,http://ecx.images-amazon.com/images/I/51hggt7LL%2BL.jpg,227
9780263887310,"",340,Regency Pleasures,2012-03-23 15:00:56.792444+00,http://ecx.images-amazon.com/images/I/5153yIkUtTL.jpg,109
9781447268963,"",384,Station Eleven,2015-09-19 15:00:02.691943+00,http://ecx.images-amazon.com/images/I/51YZG5hWgJL.jpg,111
9780691160887,addictionbd,442,Addiction by Design,2015-03-16 13:19:15.913464+00,http://ecx.images-amazon.com/images/I/41fvoWQfwfL.jpg,241
9780804137171,"",452,City of Stairs,2015-07-15 08:16:39.953848+00,http://ecx.images-amazon.com/images/I/513V72AjkLL.jpg,49
9780307397461,"",416,Her Fearful Symmetry,2013-03-23 16:47:55.37867+00,http://ecx.images-amazon.com/images/I/51AIv3XhC8L.jpg,245
9780356502731,"",407,The Girl with All the Gifts,2015-03-17 23:04:49.102287+00,http://ecx.images-amazon.com/images/I/41ZH3uNMgsL.jpg,122
9780151364589,"",262,"Gun, with Occasional Music",2017-07-23 20:47:11.464827+00,https://images-eu.ssl-images-amazon.com/images/I/51s84kXrW4L.jpg,333
9780441014989,"",351,Halting State,2013-04-14 00:40:01.17626+00,http://ecx.images-amazon.com/images/I/5165uWA3NlL.jpg,147
9780006480419,"",320,Neuromancer,2013-11-24 20:26:53.14086+00,http://ecx.images-amazon.com/images/I/51enxBYbCeL.jpg,175
9780007136858,"",336,Sparkling Cyanide,2015-02-02 08:26:38.684941+00,http://ecx.images-amazon.com/images/I/41DLnqozptL.jpg,5
9780316212182,Ghostitw,560,Ghost in the Wires,2012-03-23 16:35:34.408377+00,http://ecx.images-amazon.com/images/I/51sRNjzt95L.jpg,182
9780755374045,"",610,A Discovery of Witches,2018-06-06 10:22:12.364946+00,"https://images-na.ssl-images-amazon.com/images/I/51SUdjN3vyL._SX311_BO1,204,203,200_.jpg",369
9781783295401,"",400,A Darker Shade of Magic,2015-07-18 11:38:06.785956+00,http://ecx.images-amazon.com/images/I/61YJzE2d8QL.jpg,127
9780099460824,"",374,The Ghost Writer,2014-04-17 22:40:00.113349+00,http://ecx.images-amazon.com/images/I/51KDVE3SJBL.jpg,14
9780857522276,"",380,Raising Steam,2013-11-16 17:21:12.684434+00,http://ecx.images-amazon.com/images/I/515a76PZ18L.jpg,78
9780571248889,DevicesaD,608,Devices and Desires,2011-12-29 05:56:02.537457+00,http://ecx.images-amazon.com/images/I/51Tm55MaqgL.jpg,8
9780765385505,"",176,Every Heart a Doorway,2016-05-06 22:15:26.526617+00,http://ecx.images-amazon.com/images/I/51f1zsPJt7L.jpg,97
9780141191447,HauntingatHill,256,The Haunting of Hill House,2015-03-06 09:05:07.377022+00,http://ecx.images-amazon.com/images/I/51tiHox5axL.jpg,251
9780575088931,FPrince,300,The Fractal Prince,2015-10-23 17:49:11.787548+00,http://ecx.images-amazon.com/images/I/517EUehG0GL.jpg,119
9781847087027,"",272,Estates: An Intimate History,2014-12-01 22:03:31.683038+00,http://ecx.images-amazon.com/images/I/51YkskKGRrL.jpg,85
9780151013777,Wetd,678,"We, the Drowned",2012-12-05 04:34:31.842963+00,http://ecx.images-amazon.com/images/I/61eaFKqakwL.jpg,219
9780340937617,"",384,Tinker Tailor Soldier Spy,2016-10-06 16:55:00+00,http://ecx.images-amazon.com/images/I/51JPZpqLdZL.jpg,289
9780553418811,"",272,Weapons of Math Destruction,2017-02-12 15:30:13.837152+00,https://images-eu.ssl-images-amazon.com/images/I/518fatWEIQL.jpg,313
9781780743370,"",224,Happy Money,2016-11-21 23:08:20.346091+00,http://ecx.images-amazon.com/images/I/515%2BZ5po82L.jpg,"296,295"
9781844880805,Hellfire,672,Hellfire,2011-07-30 19:07:41.844363+00,http://ecx.images-amazon.com/images/I/61CoaiZz3BL.jpg,172
9780340822784,CloudAtlas,529,Cloud Atlas,2012-08-31 02:22:24.326868+00,https://s3-eu-west-1.amazonaws.com/shelvdpics/cloud-atlas.jpg,1
9780752883304,Passage,1008,Passage,2011-10-25 18:51:17.847951+00,http://ecx.images-amazon.com/images/I/51TzUu-6SjL.jpg,178
9780486243337,"",127,The Haunted Hotel,2015-12-29 21:32:23.223842+00,http://ecx.images-amazon.com/images/I/517jZYdpp9L.jpg,60
9780393350326,DigiCos,320,Digital Cosmopolitans,2016-06-11 21:47:02.426319+00,http://ecx.images-amazon.com/images/I/61qWynRA9AL.jpg,268
9780020427858,OverSUS,243,"Over Sea, Under Stone",2013-07-31 12:51:47.88139+00,http://ecx.images-amazon.com/images/I/5117937X44L.jpg,143
9780330514965,"",368,Apartment 16,2011-11-24 22:12:23.844269+00,http://ecx.images-amazon.com/images/I/51y20f8AkHL.jpg,72
9781780331669,Tomaa,336,Tom-All-Alone's,2012-02-16 03:38:47.592578+00,http://ecx.images-amazon.com/images/I/617hF1ST3ML.jpg,104
9781630474836,Unthinkable,178,Unthinkable,2015-12-20 14:30:58.839841+00,http://ecx.images-amazon.com/images/I/41ZFHO8j61L.jpg,77
9780062206282,"",288,The Prisoner of Heaven,2013-06-08 01:10:39.99053+00,http://ecx.images-amazon.com/images/I/51R9uIipGEL.jpg,139
9780930330453,FotC,255,The Footprints on the Ceiling,2013-03-26 05:00:01.89826+00,http://ecx.images-amazon.com/images/I/51gBWaqVM%2BL.jpg,80
9780099539773,Edgelands,272,Edgelands,2016-02-21 12:53:41.926299+00,http://ecx.images-amazon.com/images/I/51xeDd8eTsL.jpg,59
9780241981610,LegSpies,320,A Legacy of Spies,2017-12-09 17:32:29.646793+00,https://s3-eu-west-1.amazonaws.com/shelvdpics/9780241981610.jpeg,289
9781408889565,"",517,The Seven Deaths of Evelyn Hardcastle,2018-03-09 22:27:18.672002+00,https://images-eu.ssl-images-amazon.com/images/I/512JNK28GkL.jpg,354
9780857520647,UnlikelyPoHF,304,The Unlikely Pilgrimage of Harold Fry,2012-11-10 04:22:09.389985+00,http://ecx.images-amazon.com/images/I/514aFS7qwdL.jpg,230
9780007464586,ShiningG,389,The Shining Girls,2015-09-05 21:09:18.487039+00,http://ecx.images-amazon.com/images/I/51DDOYzuh3L.jpg,70
9780345527264,"",449,Eighty Days,2014-01-15 08:44:32.002433+00,http://ecx.images-amazon.com/images/I/51qwDmUA82L.jpg,194
9781845293376,Imposs,548,Perfect Crimes & Impossible Mysteries,2016-07-29 18:00:03.917488+00,http://ecx.images-amazon.com/images/I/51BWTS5XWGL.jpg,265
9780007315093,BringutB,432,Bring Up the Bodies,2013-02-07 05:53:51.850348+00,http://ecx.images-amazon.com/images/I/51XemWsFRyL.jpg,214
9780671877446,"",352,Cetaganda,2016-06-17 21:58:59.153407+00,http://ecx.images-amazon.com/images/I/51tRDsK7WcL.jpg,266
9780446676106,"",746,Lilith's Brood,2016-09-03 17:46:00+00,http://ecx.images-amazon.com/images/I/41Dmx7y41SL.jpg,287
9780007154913,"",320,Ordeal by Innocence,2015-02-02 08:27:20.810121+00,http://ecx.images-amazon.com/images/I/51TxOWK16EL.jpg,5
9780061695131,"",336,Tell My Horse,2015-10-14 12:43:14.633289+00,http://ecx.images-amazon.com/images/I/51HFFcNbgbL.jpg,181
9780356508689,"",464,The Stone Sky,2017-08-31 21:14:42.451067+00,https://images-eu.ssl-images-amazon.com/images/I/61ltjbrE-bL.jpg,302
9780007427901,"",368,The Testimony,2012-06-21 11:54:19.878382+00,http://ecx.images-amazon.com/images/I/41aA9gE404L.jpg,135
9780316200202,AElsewhere,688,American Elsewhere,2015-02-25 22:15:54.727714+00,http://ecx.images-amazon.com/images/I/512h%2BNJxQBL.jpg,49
9780552778251,"",575,The Orphan Master's Son,2015-09-05 21:10:43.106292+00,http://ecx.images-amazon.com/images/I/515K44YUWQL.jpg,132
9780062073501,"",315,Murder on the Orient Express,2016-09-01 09:20:47.122711+00,http://ecx.images-amazon.com/images/I/51kM1EirgDL.jpg,5
9780701186982,"",352,The Four Books,2017-08-24 21:29:30.203978+00,https://images-eu.ssl-images-amazon.com/images/I/416706cRxCL.jpg,335
9780575132559,Start,400,The Hanging Tree,2017-02-02 22:42:06.012233+00,http://ecx.images-amazon.com/images/I/51-KVCEsUWL.jpg,134
9781480542334,CountZ,276,Count Zero,2014-08-12 22:10:23.922512+00,http://ecx.images-amazon.com/images/I/51yLqGKW%2BwL.jpg,175
9780671876463,MirrorDance,592,Mirror Dance,2016-08-13 21:00:31.044497+00,http://ecx.images-amazon.com/images/I/513XIgxOVXL.jpg,266
9781784750954,MagiciansL,416,The Magician's Land,2016-12-08 22:38:02.370856+00,http://ecx.images-amazon.com/images/I/51FpPcYrW3L.jpg,234
9780670916764,Quiet,333,Quiet,2013-02-17 19:30:55.29066+00,http://ecx.images-amazon.com/images/I/31aLC4kHDKL.jpg,71
9780747586838,Omnivore,450,The omnivore's dilemma,2012-05-13 13:25:16.711848+00,http://ecx.images-amazon.com/images/I/51zx4BW22jL.jpg,207
9780340995631,Sunnyside,576,Sunnyside,2012-04-07 03:24:23.876315+00,http://ecx.images-amazon.com/images/I/51m4CUrIDOL.jpg,157
9780007527526,"",320,The Murder of Roger Ackroyd (Poirot),2018-07-07 20:19:43.673007+00,https://images-eu.ssl-images-amazon.com/images/I/41xPJs2z2SL.jpg,378
9781447232766,HFlies,288,The Human Flies,2015-12-31 11:16:03.067678+00,http://ecx.images-amazon.com/images/I/519HDfCdrLL.jpg,239
9780575081246,"",480,Altered Carbon,2015-10-23 17:49:48.471011+00,http://ecx.images-amazon.com/images/I/51zRhGwUepL.jpg,10
9781592406593,Youanss,256,You Are Not So Smart,2012-04-09 18:47:50.134824+00,http://ecx.images-amazon.com/images/I/51RyDSl%2B0XL.jpg,45
9781683690139,"",352,My Lady's Choosing,2018-06-06 10:27:12.808366+00,https://images-eu.ssl-images-amazon.com/images/I/51-F16ws4aL.jpg,"372,371"
9780385679862,"",336,Kiss Me First,2013-07-20 18:20:02.41919+00,http://ecx.images-amazon.com/images/I/51qB5lv4ZpL.jpg,34
9781781855072,"",399,Four Hundred and Ninteen,2015-12-23 20:32:37.997481+00,http://ecx.images-amazon.com/images/I/516z5gtVU5L.jpg,128
9780340899489,"",502,The Book of Lost Things,2013-09-10 16:28:16.47735+00,http://ecx.images-amazon.com/images/I/616Vf4DllDL.jpg,155
9780091955106,"",258,The Life-Changing Magic of Tidying,2018-01-27 18:02:59.885941+00,https://images-eu.ssl-images-amazon.com/images/I/41ftu9oTJQL.jpg,349
9780099599685,Gambler,224,The Ballad of a Small Player,2016-02-11 21:12:51.033852+00,http://ecx.images-amazon.com/images/I/511hFk1eGaL.jpg,16
9781442427655,"",272,The Woman Who Rides Like a Man,2013-12-11 08:31:32.257527+00,http://ecx.images-amazon.com/images/I/61u5GoXwG2L.jpg,151
9781846147524,"",544,The Signal and the Noise,2012-12-29 05:26:10.122214+00,https://s3-eu-west-1.amazonaws.com/shelvdpics/signal-noise.jpg,69
9781843913726,HundredYOM,396,The 100-Year-Old Man Who Climbed Out the Window and Disappeared,2014-07-27 17:09:51.798928+00,http://ecx.images-amazon.com/images/I/51BqHr9kfGL.jpg,231
9781780622286,"",512,Six of Crows: Book 1,2018-03-01 21:43:30.864569+00,https://images-eu.ssl-images-amazon.com/images/I/51V5juRdR-L.jpg,351
9780575081413,"",1008,The Wise Man's Fear,2015-11-20 23:22:40.698652+00,http://ecx.images-amazon.com/images/I/51FdI3batTL.jpg,173
9781847674289,Sum,128,Sum,2014-12-31 23:46:02.192046+00,http://ecx.images-amazon.com/images/I/61w-8MfDWWL.jpg,171
9780749007096,AGentOGF,336,A Gentleman of Fortune,2011-08-04 03:40:56.351549+00,http://ecx.images-amazon.com/images/I/51FDTqGwBJL.jpg,115
9781551522357,"",240,Rat Bohemia,2017-12-16 18:33:11.993321+00,https://images-eu.ssl-images-amazon.com/images/I/413-hHqpVPL.jpg,261
9781847394071,Perks,232,The Perks of Being a Wallflower,2013-11-24 22:15:57.868201+00,http://ecx.images-amazon.com/images/I/61t67Xhl2CL.jpg,160
9780007154845,"",323,The Mysterious Mr Quin,2015-03-30 20:14:00+00,https://images-eu.ssl-images-amazon.com/images/I/51IqXP7AKzL.jpg,5
9780701169916,LondonU,192,London Under,2011-08-15 21:24:54.679897+00,http://ecx.images-amazon.com/images/I/51w2G2NN09L.jpg,53
9780340962725,WaterFE,448,Water for Elephants,2011-07-18 17:57:23.828319+00,http://ecx.images-amazon.com/images/I/51FKisnSYpL.jpg,41
9781906040420,"",171,The Panda Theory,2015-04-03 15:35:50.188706+00,http://ecx.images-amazon.com/images/I/415Dq0HZc6L.jpg,76
9780575088979,CAngel,290,The Causal Angel,2015-12-20 14:30:52.519192+00,http://ecx.images-amazon.com/images/I/513-jQqErQL.jpg,119
9780297868828,"",432,Berlin: Imagine a City,2016-10-06 15:46:54.548517+00,http://ecx.images-amazon.com/images/I/41%2BUVz2mt2L.jpg,288
